uno	user_id
0	3d7e44606a1cfc615a321712a087d9c0
1	c4c43985b229277224fa324c51967625
2	054d292ed0f2962b36934d2492293778
3	bddbb7437c0a3236c66b73059f87b54f
4	46f18934bfa90ff06470c7bbea718daa
5	38a49b73bf2785a85b8c1f6554336135
6	4e7896846b563ffadb53c34ff9cf9428
7	168222d7f89438b6085a75784b661a5a
8	7b642a3b2bc828ec7eacc2619d84b959
9	bf975f6f3e1d17ef4cf810d0172e8787
10	d077be8798a2782e989917e62ed425c5
11	be9c18324f388923cc3d698ad3df1809
12	cb8b084a2e6950c53b9239a8148ca32a
13	8afcd5266b47290ee6b54654fa182cf2
14	7d0457eed50d956ec63903b7c2f5be98
15	ea2773923974d35c11315cb9f30c4f9c
16	101a4bee435f37c9a4a2877c2a3c79eb
17	0511138a36aa344a4386b20cb413b829
18	e863f4008724f5bf266ef39728589c28
19	ab71187d8f30a2bcfa09677fe7ba8b07
20	c76c4d91e928b797e7ea98bcff8de4fb
21	712d177806c916359b2274de58f34284
22	5323ae9435a1efb493a53753c007225d
23	e3dc9dfe26c304128d61e6342dbc11e7
24	430e35712dd2de32a6844eedc681073c
25	4229270ef6dcaa8fe7f9e8a264d63fdd
26	bfd7cd5c894c6ef5d5a762d31f8ed574
27	fe02f4d9f03de67c364bf7290fe9a154
28	8008a329d336f704dd992a63e9bb71ed
29	3eeb22034f68de601d4ab2b935c3d630
30	5e397653c7860b422a1279d352145ab0
31	25bb18acb90cbe9205bc1c8a37376e77
32	0f89d9ec042e41875bab00e1218c9e62
33	9e9c4ecc5a07098de5de0b0931eb3a54
34	4d3740cfd72e3f3250c0c01e1fe980cd
35	220670131b64276be31147d9cfc5b6d9
36	7535d1ba98c870e61f14d8f9c02fa05a
37	434d727dab0ac3db01cd367c688cfb98
38	2bfc7ffaf60e5d1e8d412850a75f1c93
39	cca15707273a9fdf3be665c2b266a41b
40	7ff7e02231406c1844384b49f1cd2bd8
41	1a638e3ad818d9129e2bc7bad6f0b583
42	63532aaaba68d91f8c3599036162634e
43	b44d4d6e2c4430f769f3d9d688d53c02
